{
	"lsgReload": {
		"category" : "player",
		"sounds" : [ "flansmod:lsgReload" ]
	},

	"lsgShoot": {
		"category" : "player",
		"sounds" : [ "flansmod:lsgShoot" ]
	},

	"MAReload": {
		"category" : "player",
		"sounds" : [ "flansmod:MAReload" ]
	},

	"MAShoot": {
		"category" : "player",
		"sounds" : [ "flansmod:MAShoot" ]
	},

	"mcReload": {
		"category" : "player",
		"sounds" : [ "flansmod:mcReload" ]
	},

	"mcShoot": {
		"category" : "player",
		"sounds" : [ "flansmod:mcShoot" ]
	},

	"mgReload": {
		"category" : "player",
		"sounds" : [ "flansmod:mgReload" ]
	},

	"mgShoot": {
		"category" : "player",
		"sounds" : [ "flansmod:mgShoot" ]
	},

	"mrmReload": {
		"category" : "player",
		"sounds" : [ "flansmod:mrmReload" ]
	},

	"mrmShoot": {
		"category" : "player",
		"sounds" : [ "flansmod:mrmShoot" ]
	},
	
	"hgReload": {
		"category" : "player",
		"sounds" : [ "flansmod:hgReload" ]
	},

	"hgShoot": {
		"category" : "player",
		"sounds" : [ "flansmod:hgShoot" ]
	},
	
	"sgReload": {
		"category" : "player",
		"sounds" : [ "flansmod:sgReload" ]
	},
	
	"AG12": {
		"category" : "player",
		"sounds" : [ "flansmod:AG12" ]
	},
	
	"DLMG50": {
		"category" : "player",
		"sounds" : [ "flansmod:DLMG50" ]
	},
	
	"EMC3": {
		"category" : "player",
		"sounds" : [ "flansmod:EMC3" ]
	},
	
	"M156": {
		"category" : "player",
		"sounds" : [ "flansmod:M156" ]
	},
	
	"SC44": {
		"category" : "player",
		"sounds" : [ "flansmod:SC44" ]
	},
	
	"SY2": {
		"category" : "player",
		"sounds" : [ "flansmod:SY2" ]
	},

	"sgShoot": {
		"category" : "player",
		"sounds" : [ "flansmod:sgShoot" ]
	}
}