{"stat.walkOneCm":50512,"stat.useItem.minecraft.torch":54,"stat.pickup.minecraft.gravel":2,"stat.leaveGame":2,"stat.jump":503,"stat.swimOneCm":10111,"stat.useItem.minecraft.sand":68,"stat.fallOneCm":2696,"stat.pickup.minecraft.beef":21,"stat.pickup.flansmod.glock":2,"stat.pickup.minecraft.stone":20,"stat.crouchOneCm":1509,"stat.pickup.minecraft.nether_star":1,"stat.killEntity.Squid":8,"stat.pickup.minecraft.dirt":30,"stat.sprintOneCm":46513,"stat.useItem.minecraft.stone_slab2":90,"stat.drop.minecraft.leather":6,"stat.useItem.minecraft.water_bucket":99,"stat.pickup.ftbquests.screen":6,"stat.pickup.minecraft.sand":14,"stat.useItem.ftbquests.screen":2,"stat.boatOneCm":104364,"stat.killEntity.Horse":1,"stat.pickup.flansmod.barrett":1,"stat.damageTaken":200,"stat.pickup.minecraft.leather":21,"stat.killEntity.Spider":1,"stat.mobKills":38,"stat.pickup.minecraft.cobblestone":2,"stat.useItem.customnpcs.npcwand":1,"stat.flyOneCm":266934,"stat.useItem.minecraft.boat":1,"stat.pickup.minecraft.sandstone":5,"stat.drop.flansmod.glock":2,"stat.pickup.minecraft.wheat_seeds":2,"stat.drop":10,"stat.playOneMinute":41048,"stat.pickup.minecraft.torch":1,"stat.killEntity.Sheep":4,"stat.sneakTime":929,"stat.pickup.minecraft.wool":2,"stat.damageDealt":10,"stat.drop.minecraft.beef":2,"stat.timeSinceDeath":41048,"stat.killEntity.Cow":23,"stat.diveOneCm":12602,"stat.pickup.minecraft.mutton":3}